<?xml version="1.0" encoding="UTF-8"?>
<project-private xmlns="http://www.netbeans.org/ns/project-private/1">
    <editor-bookmarks xmlns="http://www.netbeans.org/ns/editor-bookmarks/2" lastBookmarkId="1">
        <file>
            <url>src/game/FireBallActivation.java</url>
            <bookmark id="1">
                <name/>
                <line>11</line>
                <key/>
            </bookmark>
        </file>
    </editor-bookmarks>
    <open-files xmlns="http://www.netbeans.org/ns/projectui-open-files/2">
        <group>
            <file>file:/C:/Users/Gleb/Desktop/MileStone%202%20NinjaGame/Levels/src/game/TeleportActivation.java</file>
            <file>file:/C:/Users/Gleb/Desktop/MileStone%202%20NinjaGame/Levels/src/game/YellowBird.java</file>
            <file>file:/C:/Users/Gleb/Desktop/MileStone%202%20NinjaGame/Levels/src/game/FireBallActivation.java</file>
            <file>file:/C:/Users/Gleb/Desktop/MileStone%202%20NinjaGame/Levels/src/game/SawActivation.java</file>
            <file>file:/C:/Users/Gleb/Desktop/MileStone%202%20NinjaGame/Levels/src/game/Platform.java</file>
            <file>file:/C:/Users/Gleb/Desktop/MileStone%202%20NinjaGame/Levels/src/game/Controller.java</file>
            <file>file:/C:/Users/Gleb/Desktop/MileStone%202%20NinjaGame/Levels/src/game/Trap.java</file>
            <file>file:/C:/Users/Gleb/Desktop/MileStone%202%20NinjaGame/Levels/src/game/TrapActivation.java</file>
            <file>file:/C:/Users/Gleb/Desktop/MileStone%202%20NinjaGame/Levels/src/game/Saw.java</file>
            <file>file:/C:/Users/Gleb/Desktop/MileStone%202%20NinjaGame/Levels/src/game/Torch.java</file>
            <file>file:/C:/Users/Gleb/Desktop/MileStone%202%20NinjaGame/Levels/src/game/SpikesActivation2.java</file>
            <file>file:/C:/Users/Gleb/Desktop/MileStone%202%20NinjaGame/Levels/src/game/Stairs.java</file>
            <file>file:/C:/Users/Gleb/Desktop/MileStone%202%20NinjaGame/Levels/src/game/SecondActivation1.java</file>
            <file>file:/C:/Users/Gleb/Desktop/MileStone%202%20NinjaGame/Levels/src/game/KatanaActivation.java</file>
            <file>file:/C:/Users/Gleb/Desktop/MileStone%202%20NinjaGame/Levels/src/game/Teleport.java</file>
            <file>file:/C:/Users/Gleb/Desktop/MileStone%202%20NinjaGame/Levels/src/game/SpikesActivation.java</file>
            <file>file:/C:/Users/Gleb/Desktop/MileStone%202%20NinjaGame/Levels/src/game/ThirdActivation.java</file>
            <file>file:/C:/Users/Gleb/Desktop/MileStone%202%20NinjaGame/Levels/src/game/SawActivation2Respawn.java</file>
            <file>file:/C:/Users/Gleb/Desktop/MileStone%202%20NinjaGame/Levels/src/game/Wintp.java</file>
            <file>file:/C:/Users/Gleb/Desktop/MileStone%202%20NinjaGame/Levels/src/game/Pickup.java</file>
            <file>file:/C:/Users/Gleb/Desktop/MileStone%202%20NinjaGame/Levels/src/game/Saw2.java</file>
            <file>file:/C:/Users/Gleb/Desktop/MileStone%202%20NinjaGame/Levels/src/game/SecondLevelRespawn.java</file>
            <file>file:/C:/Users/Gleb/Desktop/MileStone%202%20NinjaGame/Levels/src/game/Tracker.java</file>
            <file>file:/C:/Users/Gleb/Desktop/MileStone%202%20NinjaGame/Levels/src/game/Panel.java</file>
        </group>
    </open-files>
</project-private>
